Código;Nombre;Marca;Nombre marca;Familia;Nombre familia;;;;;;;;;
ACEITE;ACEITE;;;AA004;-004-VARIOS;;;;;;;;;
4000004;ALAS DE POLLO FRESCAS;;;AAAA9;-9-AVES;;;;;;;;;
0205;ALBONDIGAS;;;AA007;-007-DESPIECE FRESCO;;;;;;;;;
144;ALMIREZ 2010 (6B);;;AA004;-004-VARIOS;;;;;;;;;
25;BABILLAS TERNERA;;;AA007;-007-DESPIECE FRESCO;;;;;;;;;
207;BACON AHUMADO;;;AA003;-003-FIAMBRES;;;;;;;;;
10007;BANDEJA GALLETAS BAÑADA CHOCO 150 GRS ELGORRIAGA;;;AA004;-004-VARIOS;;;;;;;;;
10003;BOBINAS SECAMANOS(6U);;;AA004;-004-VARIOS;;;;;;;;;
239;BOLSAS C/A GRANDES;;;AA004;-004-VARIOS;;;;;;;;;
238;BOLSAS C/A MEDIANAS;;;AA004;-004-VARIOS;;;;;;;;;
237;BOLSAS C/A PEQUEÑAS;;;AA004;-004-VARIOS;;;;;;;;;
236;BOLSAS S/A;;;AA004;-004-VARIOS;;;;;;;;;
240;BOLSAS VACIO DIF.MEDIDAS;;;AA004;-004-VARIOS;;;;;;;;;
10000;"BOTELLA "" MONT BASART"" BRUT";;;AA004;-004-VARIOS;;;;;;;;;
210;BOTELLA VINO TINTO;;;AA004;-004-VARIOS;;;;;;;;;
2011;BOTILLOS;;;AA002;-002-EMBUTIDOS;;;;;;;;;
00006;BOX TINTO 15L;;;AA004;-004-VARIOS;;;;;;;;;
00005;BOX VINO TINTO 5L;;;AA004;-004-VARIOS;;;;;;;;;
348;BURGUER POLLO;;;AA007;-007-DESPIECE FRESCO;;;;;;;;;
349;BURGUER TERNERA;;;AA007;-007-DESPIECE FRESCO;;;;;;;;;
1102;BUTIFARRA FRESCA EXTRA;;;AA002;-002-EMBUTIDOS;;;;;;;;;
022;CABECERO LOMO;;;AA002;-002-EMBUTIDOS;;;;;;;;;
0221;CABECERO LOMO FRESCO;;;AA007;-007-DESPIECE FRESCO;;;;;;;;;
128;CABEZA CON PAPADA(ENTERA);;;AA007;-007-DESPIECE FRESCO;;;;;;;;;
135;CABEZA CURADA/CHU;;;AA004;-004-VARIOS;;;;;;;;;
223;CABEZA DE JABALI S/P;;;AA003;-003-FIAMBRES;;;;;;;;;
50;CABEZA JABALI C/P;;;AA003;-003-FIAMBRES;;;;;;;;;
347;CACHOPOS;;;AA008;-008-PRECOCINADOS;;;;;;;;;
242;CADERA DE TERNERA;;;AA004;-004-VARIOS;;;;;;;;;
20001;CAJA DE CARTON DECORADA;;;AA004;-004-VARIOS;;;;;;;;;
2000;CAJAS MADERA;;;AA004;-004-VARIOS;;;;;;;;;
315;CALLOS A LA ZAMORANA (600gr);;;AA008;-008-PRECOCINADOS;;;;;;;;;
115;CALLOS BLANCOS 1K.;;;AA008;-008-PRECOCINADOS;;;;;;;;;
00007;CALLOS CON GARBANZOS;;;AA008;-008-PRECOCINADOS;;;;;;;;;
1150;CALLOS DE TERNERA;;;AA007;-007-DESPIECE FRESCO;;;;;;;;;
211;CARETAS CERDO FRESCAS;;;AA007;-007-DESPIECE FRESCO;;;;;;;;;
00008;CARNE DE TERNERA ESTOFADA;;;AA008;-008-PRECOCINADOS;;;;;;;;;
00009;CARNE DE TERNERA GUISADA;;;AA008;-008-PRECOCINADOS;;;;;;;;;
107;CARNE GUISAR EXTRA;;;AA007;-007-DESPIECE FRESCO;;;;;;;;;
1070;CARNE GUISAR TERNERA;;;AA007;-007-DESPIECE FRESCO;;;;;;;;;
106;CARNE PICADA TERNERA;;;AA007;-007-DESPIECE FRESCO;;;;;;;;;
0350;CARRILLERAS DE CERDO FRESCAS;;;AA007;-007-DESPIECE FRESCO;;;;;;;;;
0351;CARRILLERAS DE TERNERA;;;AA007;-007-DESPIECE FRESCO;;;;;;;;;
0261;CECINA  DE TORO;;;AA002;-002-EMBUTIDOS;;;;;;;;;
027;CECINA CABALLO;;;AA002;-002-EMBUTIDOS;;;;;;;;;
026;CECINA VACA;;;AA002;-002-EMBUTIDOS;;;;;;;;;
131;CENTRO JAMON BELLOTA IBERICO;;;AA002;-002-EMBUTIDOS;;;;;;;;;
015;CENTRO JAMON BODEGA;;;AA006;-006-JAMONES;;;;;;;;;
132;CENTRO JAMON BODEGA L/P;;;AA002;-002-EMBUTIDOS;;;;;;;;;
0151;CENTRO JAMON CEBO IBERICO L/P;;;AA006;-006-JAMONES;;;;;;;;;
0154;CENTRO JAMON OFERTA;;;AA002;-002-EMBUTIDOS;;;;;;;;;
0152;CENTRO JAMON SERRANO CURADO;;;AA002;-002-EMBUTIDOS;;;;;;;;;
0193;"CENTRO PALETA ""LA PEPONA""";;;AA002;-002-EMBUTIDOS;;;;;;;;;
028;CENTRO PALETA BELLOTA IBERICO;;;AA002;-002-EMBUTIDOS;;;;;;;;;
133;CENTRO PALETA BODEGA L/P;;;AA002;-002-EMBUTIDOS;;;;;;;;;
019;CENTRO PALETA CEBO IBERICO L/P;;;AA006;-006-JAMONES;;;;;;;;;
0191;CENTRO PALETA SERRANA;;;AA006;-006-JAMONES;;;;;;;;;
24;CENTRO PALETA SIN LIMPIAR;;;AA002;-002-EMBUTIDOS;;;;;;;;;
155;CENTROS DE JAMON BODEGA LIMPIO/PELADO;;;AA006;-006-JAMONES;;;;;;;;;
154;"CENTROS JAMON ""C""";;;AA006;-006-JAMONES;;;;;;;;;
226;CHICHARRONES;;;AA008;-008-PRECOCINADOS;;;;;;;;;
103;CHICHAS;;;AA002;-002-EMBUTIDOS;;;;;;;;;
300;CHOCOLATE DE ALMENDRAS;;;AA004;-004-VARIOS;;;;;;;;;
301;CHOCOLATE DE HACER;;;AA004;-004-VARIOS;;;;;;;;;
202;CHOPPED PAVO;;;AA003;-003-FIAMBRES;;;;;;;;;
2010;CHOPPED PORK CAMPOFRIO;;;AA003;-003-FIAMBRES;;;;;;;;;
004;CHORIZO ATADO DULCE TIERNO;;;AA002;-002-EMBUTIDOS;;;;;;;;;
0041;CHORIZO ATADO LA PEPONA DULCE;;;AA002;-002-EMBUTIDOS;;;;;;;;;
0042;CHORIZO ATADO LA PEPONA PICA;;;AA002;-002-EMBUTIDOS;;;;;;;;;
005;CHORIZO ATADO PICANTE TIERNO;;;AA002;-002-EMBUTIDOS;;;;;;;;;
1105;CHORIZO BARBACOA;;;AA002;-002-EMBUTIDOS;;;;;;;;;
006;CHORIZO CULAR BELLOTA IBERICO DULCE;;;AA002;-002-EMBUTIDOS;;;;;;;;;
007;CHORIZO CULAR BELLOTA IBERICO PICANTE;;;AA002;-002-EMBUTIDOS;;;;;;;;;
0662;CHORIZO CULAR CEBO IBERICO C-B/R;;;AA002;-002-EMBUTIDOS;;;;;;;;;
0661;CHORIZO CULAR CEBO IBERICO DULCE;;;AA002;-002-EMBUTIDOS;;;;;;;;;
0061;CHORIZO CULAR DULCE SERRANO;;;AA002;-002-EMBUTIDOS;;;;;;;;;
0071;CHORIZO CULAR PICANTE SERRA;;;AA002;-002-EMBUTIDOS;;;;;;;;;
102;CHORIZO FRESCO;;;AA002;-002-EMBUTIDOS;;;;;;;;;
0111;CHORIZO MATANZA;;;AA002;-002-EMBUTIDOS;;;;;;;;;
0082;CHORIZO VELA;;;AA002;-002-EMBUTIDOS;;;;;;;;;
2121;CHULETA DE PAVO;;;AAAA9;-9-AVES;;;;;;;;;
7200033;CHULETA PAVO ADOBADA AJILLO;;;AA003;-003-FIAMBRES;;;;;;;;;
123;CHULETERO C/CABEZA;;;AA007;-007-DESPIECE FRESCO;;;;;;;;;
6;CHULETERO DE SAJONIA;;;AA003;-003-FIAMBRES;;;;;;;;;
241;CHULETERO DE TERNERA;;;AA004;-004-VARIOS;;;;;;;;;
406;COCHINILLO CONGELADO 5/6;;;AA004;-004-VARIOS;;;;;;;;;
407;COCHINILLO CONGELADO 7/8;;;AA004;-004-VARIOS;;;;;;;;;
404;COCHINILLO CONGELADO ENCALLADO 6/7;;;AA004;-004-VARIOS;;;;;;;;;
405;COCHINILLO FRESCO ENCALLADO 4/5;;;AA007;-007-DESPIECE FRESCO;;;;;;;;;
216;CODILLOS DE JAMON PARTIDOS;;;AA006;-006-JAMONES;;;;;;;;;
142;CODILLOS DE PALETA;;;AA002;-002-EMBUTIDOS;;;;;;;;;
218;CODILLOS JAMON ENTEROS;;;AA006;-006-JAMONES;;;;;;;;;
1100000;CODORNICES SUPER;;;AAAA9;-9-AVES;;;;;;;;;
1100003;COKELET;;;AAAA9;-9-AVES;;;;;;;;;
1000;COMPRA EN TIENDA;;;AA004;-004-VARIOS;;;;;;;;;
109;CONEJOS;;;AA007;-007-DESPIECE FRESCO;;;;;;;;;
222;CORTEZAS LENG D'OR GAVIOTA;;;AA008;-008-PRECOCINADOS;;;;;;;;;
129;COSCARONES;;;AA004;-004-VARIOS;;;;;;;;;
029;COSTILLA ADOBADA SECA;;;AA002;-002-EMBUTIDOS;;;;;;;;;
0293;COSTILLA DE TERNERA;;;AA007;-007-DESPIECE FRESCO;;;;;;;;;
0292;COSTILLA FRESCA ADOBADA;;;AA007;-007-DESPIECE FRESCO;;;;;;;;;
0291;COSTILLAS CERDO FRESCAS;;;AA007;-007-DESPIECE FRESCO;;;;;;;;;
4100001;CRESTAS;;;AAAA9;-9-AVES;;;;;;;;;
345;CROQUETAS VARIAS;;;AA008;-008-PRECOCINADOS;;;;;;;;;
219;DELICIA DE CANGREJO;;;AA003;-003-FIAMBRES;;;;;;;;;
220;DELICIA DE GAMBA;;;AA003;-003-FIAMBRES;;;;;;;;;
221;DELICIA DE SALMON;;;AA003;-003-FIAMBRES;;;;;;;;;
1002;ELABORA AVES;;;AA007;-007-DESPIECE FRESCO;;;;;;;;;
1001;ELABORA PORCINO;;;AA007;-007-DESPIECE FRESCO;;;;;;;;;
212;ESPINAZO CERDO FRESCO;;;AA007;-007-DESPIECE FRESCO;;;;;;;;;
10006;ESTUCHE COCKIES CHOCO CHIP 125 GRS GULLON;;;AA004;-004-VARIOS;;;;;;;;;
10002;ESTUCHE PEÑAMONTE 3 BOTELLAS;;;AA004;-004-VARIOS;;;;;;;;;
205;FIAMBRE III 11X11;;;AA003;-003-FIAMBRES;;;;;;;;;
108;FILETES TERNERA PRIMERA;;;AA007;-007-DESPIECE FRESCO;;;;;;;;;
250;FILM TRANSPARENTE;;;AA004;-004-VARIOS;;;;;;;;;
130;FRITONGOS;;;AA004;-004-VARIOS;;;;;;;;;
999;FUNDA BLANCA;;;AA004;-004-VARIOS;;;;;;;;;
998;FUNDA NEGRA;;;AA004;-004-VARIOS;;;;;;;;;
10008;GALLINAS;;;AAAA9;-9-AVES;;;;;;;;;
0341;GALON QUESO OVEJA ACEITE;;;AA005;-005-QUESOS;;;;;;;;;
2;GASTOS DE ENVIO;;;00001;Familia de Servicios;;;;;;;;;
2001;GRASA;;;AA004;-004-VARIOS;;;;;;;;;
318;HAMBURGUESAS EXTRAS;;;AA004;-004-VARIOS;;;;;;;;;
124;HIGADO CERDO;;;AA007;-007-DESPIECE FRESCO;;;;;;;;;
1240;HIGADO DE TERNERA;;;AA007;-007-DESPIECE FRESCO;;;;;;;;;
2002;HUESO;;;AA004;-004-VARIOS;;;;;;;;;
HUEVOS;HUEVOS;;;AA004;-004-VARIOS;;;;;;;;;
5000007;HUEVOS DE CODORNIZ;;;AAAA9;-9-AVES;;;;;;;;;
153;JAMON BELLOTA IBERICO ETIQUETA NEGRA 100 %;;;AA002;-002-EMBUTIDOS;;;;;;;;;
014;JAMON BELLOTA IBERICO ETIQUETA ROJA;;;AA006;-006-JAMONES;;;;;;;;;
012;JAMON BODEGA;;;AA006;-006-JAMONES;;;;;;;;;
011;JAMON BODEGA MATANZA;;;AA006;-006-JAMONES;;;;;;;;;
2031;JAMON C.PREMIER BRASEADO ARGAL;;;AA003;-003-FIAMBRES;;;;;;;;;
200;JAMON CEBO DE CAMPO IBERICO ETIQ. VERDE;;;AA002;-002-EMBUTIDOS;;;;;;;;;
013;JAMON CEBO IBERICO ETIQUETA BLANCA;;;AA006;-006-JAMONES;;;;;;;;;
LOTE SOF7;JAMON CEBO IBERICO OFERTA;;;AA002;-002-EMBUTIDOS;;;;;;;;;
203;JAMON COCIDO ARTESANO ARGAL;;;AA003;-003-FIAMBRES;;;;;;;;;
134;JAMON CURADO 16 MESES;;;AA004;-004-VARIOS;;;;;;;;;
2061;JAMON DE PAVO;;;AA003;-003-FIAMBRES;;;;;;;;;
20;JAMON FRESCO;;;AA006;-006-JAMONES;;;;;;;;;
22;JAMON FRESCO REDONDO;;;AA006;-006-JAMONES;;;;;;;;;
0141;JAMON IBERICO CERDA;;;AA006;-006-JAMONES;;;;;;;;;
010;JAMON SERRANO;;;AA006;-006-JAMONES;;;;;;;;;
149;JAMON SERRANO OFERTA S/P;;;AA002;-002-EMBUTIDOS;;;;;;;;;
152;JAMON SERRANO OFERTA/UNIDAD;;;AA002;-002-EMBUTIDOS;;;;;;;;;
1311;JUDIAS VERDES 1K(24U);;;AA011;-011-CONSERVAS;;;;;;;;;
16;LACON ARTESANO S/H;;;AA003;-003-FIAMBRES;;;;;;;;;
150;LECHAZO;;;AA004;-004-VARIOS;;;;;;;;;
500;LEGUMBRES;;;AA004;-004-VARIOS;;;;;;;;;
125;LENGUA DE TERNERA;;;AA007;-007-DESPIECE FRESCO;;;;;;;;;
00010;LENGUA GUISADA;;;AA008;-008-PRECOCINADOS;;;;;;;;;
119;LENGUAS DE CERDO;;;AA007;-007-DESPIECE FRESCO;;;;;;;;;
0153;LENGUAS IBERICAS;;;AA002;-002-EMBUTIDOS;;;;;;;;;
0155;LENGUAS IBERICAS UNIDAD;;;AA002;-002-EMBUTIDOS;;;;;;;;;
023;LOMITO BELLOTA IBERICO;;;AA002;-002-EMBUTIDOS;;;;;;;;;
025;LOMO BELLOTA IBERICO;;;AA002;-002-EMBUTIDOS;;;;;;;;;
024;LOMO CEBO IBERICO;;;AA002;-002-EMBUTIDOS;;;;;;;;;
0211;LOMO CERDO FRESCO;;;AA007;-007-DESPIECE FRESCO;;;;;;;;;
020;LOMO CON TRIPA EMBUCHADO;;;AA002;-002-EMBUTIDOS;;;;;;;;;
120;LOMO FRESCO ADOBADO;;;AA007;-007-DESPIECE FRESCO;;;;;;;;;
0260;LOMO IBERICO PROMOCION;;;AA002;-002-EMBUTIDOS;;;;;;;;;
0201;LOMO M/C;;;AA002;-002-EMBUTIDOS;;;;;;;;;
201;LOMO SAJONIA;;;AA003;-003-FIAMBRES;;;;;;;;;
021;LOMO SIN TRIPA CASERO;;;AA002;-002-EMBUTIDOS;;;;;;;;;
0203;LOMO TERNERA;;;AA007;-007-DESPIECE FRESCO;;;;;;;;;
26;LONCHAS CABECERO DE LOMO;;;AA002;-002-EMBUTIDOS;;;;;;;;;
10;LONCHAS CECINA DE VACA;;;AA002;-002-EMBUTIDOS;;;;;;;;;
11;LONCHAS CHORIZO CULAR BELLOTA IBERICO;;;AA002;-002-EMBUTIDOS;;;;;;;;;
23;LONCHAS CHORIZO CULAR CEBO IBERICO;;;AA002;-002-EMBUTIDOS;;;;;;;;;
27;LONCHAS CHORIZO CULAR SERRANO;;;AA002;-002-EMBUTIDOS;;;;;;;;;
17;LONCHAS JAMON BELLOTA IBERICO;;;AA002;-002-EMBUTIDOS;;;;;;;;;
7;LONCHAS JAMON BODEGA;;;AA002;-002-EMBUTIDOS;;;;;;;;;
15;LONCHAS JAMON CEBO IBERICO;;;AA002;-002-EMBUTIDOS;;;;;;;;;
13;LONCHAS LOMO BELLOTA IBERICO;;;AA002;-002-EMBUTIDOS;;;;;;;;;
18;LONCHAS LOMO CEBO IBERICO;;;AA002;-002-EMBUTIDOS;;;;;;;;;
8;LONCHAS LOMO EMBUCHADO;;;AA002;-002-EMBUTIDOS;;;;;;;;;
14;LONCHAS PALETA BELLOTA IBERICO;;;AA002;-002-EMBUTIDOS;;;;;;;;;
00015;LONCHAS PALETA CEBO IBERICO;;;AA002;-002-EMBUTIDOS;;;;;;;;;
9;LONCHAS PANCETA ADOBADA;;;AA002;-002-EMBUTIDOS;;;;;;;;;
12;LONCHAS SALCHICHON CULAR BELLOTA IBERICO;;;AA002;-002-EMBUTIDOS;;;;;;;;;
19;LONCHAS SALCHICHON CULAR CEBO IBERICO;;;AA002;-002-EMBUTIDOS;;;;;;;;;
28;LONCHAS SALCHICHON CULAR SERRANO;;;AA002;-002-EMBUTIDOS;;;;;;;;;
LOTE SOF16;LOTE SOFTORO 16;;;00001;Familia de Servicios;;;;;;;;;
00003;MAGRO CONG.;;;AA007;-007-DESPIECE FRESCO;;;;;;;;;
0021;MAGRO DE MATANZAS;;;AA007;-007-DESPIECE FRESCO;;;;;;;;;
00004;MAGRO INC FRESCO;;;AA007;-007-DESPIECE FRESCO;;;;;;;;;
317;MANILLAS;;;AA007;-007-DESPIECE FRESCO;;;;;;;;;
208;MANTECA MINI CAMPOFRIO;;;AA008;-008-PRECOCINADOS;;;;;;;;;
320;MANTEQUILLA EN PORCIONES;;;AA004;-004-VARIOS;;;;;;;;;
100;MAXIPECHUGA PAVO BD CAMPOFRIO;;;AA004;-004-VARIOS;;;;;;;;;
117;MAZA JAMON FRESCO;;;AA007;-007-DESPIECE FRESCO;;;;;;;;;
2081;MEMBRILLO;;;AA004;-004-VARIOS;;;;;;;;;
789;MIEL ARTESANA;;;AA004;-004-VARIOS;;;;;;;;;
1140;MIGAS BACALAO;;;AA004;-004-VARIOS;;;;;;;;;
151;MOLLEJAS DE LECHAZO;;;AA007;-007-DESPIECE FRESCO;;;;;;;;;
4000002;MOLLEJAS DE POLLO;;;AAAA9;-9-AVES;;;;;;;;;
319;MOLLEJAS DE TERNERA 1ª;;;AA007;-007-DESPIECE FRESCO;;;;;;;;;
00011;MOLLEJAS GUISADAS;;;AA008;-008-PRECOCINADOS;;;;;;;;;
05005;MOLLEJAS T/ZAMORANA 600GR.;;;AA008;-008-PRECOCINADOS;;;;;;;;;
229;MORCILLAS D/P;;;AA002;-002-EMBUTIDOS;;;;;;;;;
225;MORCILLAS DE ARROZ;;;AA002;-002-EMBUTIDOS;;;;;;;;;
224;MORCILLAS PAFER S/V;;;AA002;-002-EMBUTIDOS;;;;;;;;;
121;MORCILLOS DE TERNERA;;;AA004;-004-VARIOS;;;;;;;;;
009;MORCON BELLOTA IBERICO;;;AA002;-002-EMBUTIDOS;;;;;;;;;
316;MORRO C/PIM.Y TOMA.(600gr);;;AA008;-008-PRECOCINADOS;;;;;;;;;
00002;MORRO CERDO 1/2K.BANDEJA;;;AA004;-004-VARIOS;;;;;;;;;
00012;MORRO GUISADO;;;AA008;-008-PRECOCINADOS;;;;;;;;;
113;MORROS COCIDOS;;;AA008;-008-PRECOCINADOS;;;;;;;;;
1130;MORROS DE TERNERA;;;AA007;-007-DESPIECE FRESCO;;;;;;;;;
206;MORTADELA ARGAL;;;AA003;-003-FIAMBRES;;;;;;;;;
2033;MORTADELA BIG BOLOGNA;;;AA003;-003-FIAMBRES;;;;;;;;;
227;MORTADELA C/A;;;AA003;-003-FIAMBRES;;;;;;;;;
228;MORTADELA S/A;;;AA003;-003-FIAMBRES;;;;;;;;;
4000001;MUSLOS DE POLLO;;;AAAA9;-9-AVES;;;;;;;;;
114;OREJA CERDO;;;AA007;-007-DESPIECE FRESCO;;;;;;;;;
00014;OREJA DE TERNERA A LA GALLEGA;;;AA008;-008-PRECOCINADOS;;;;;;;;;
00001;OREJAS CERDO 1/2 BANDEJA;;;AA004;-004-VARIOS;;;;;;;;;
018;PALETA BELLOTA IBERICO ETIQUETA NEGRA 100 %;;;AA006;-006-JAMONES;;;;;;;;;
017;PALETA BELLOTA IBERICO ETIQUETA ROJA;;;AA006;-006-JAMONES;;;;;;;;;
0172;PALETA CEBO IBERICO;;;AA006;-006-JAMONES;;;;;;;;;
2034;PALETA COCIDA 1ª CUMBRE;;;AA003;-003-FIAMBRES;;;;;;;;;
600;PALETA DUROC ESPECIAL;;;AA006;-006-JAMONES;;;;;;;;;
0241;PALETA FRESCA;;;AA006;-006-JAMONES;;;;;;;;;
209;PALETA HORNO CAMPOFRIO;;;AA003;-003-FIAMBRES;;;;;;;;;
016;PALETA SERRANA;;;AA006;-006-JAMONES;;;;;;;;;
0171;PALETA SERRANA LA PEPONA;;;AA006;-006-JAMONES;;;;;;;;;
244;PAN/BOCATA;;;AA004;-004-VARIOS;;;;;;;;;
030;PANCETA CASERA;;;AA002;-002-EMBUTIDOS;;;;;;;;;
0311;PANCETA CASERA BLANCA;;;AA002;-002-EMBUTIDOS;;;;;;;;;
0301;PANCETA FRESCA;;;AA007;-007-DESPIECE FRESCO;;;;;;;;;
03011;PANCETA IBERICA;;;AA002;-002-EMBUTIDOS;;;;;;;;;
104;PAPADAS;;;AA002;-002-EMBUTIDOS;;;;;;;;;
2351;PAPEL PARAFINADO GRANDE;;;AA004;-004-VARIOS;;;;;;;;;
2352;PAPEL PARAFINADO PEQUEÑO;;;AA004;-004-VARIOS;;;;;;;;;
10005;PASTILLA DE TURRON DE CHOCOLATE CRUJIENTE 200 GRS TRAPA;;;AA004;-004-VARIOS;;;;;;;;;
10004;PASTILLA DE TURRON JIJONA CALIDAD SUPREMA 150 GRS LA FAMA;;;AA004;-004-VARIOS;;;;;;;;;
0272;PATA DE TERNERA;;;AA007;-007-DESPIECE FRESCO;;;;;;;;;
00013;PATA GUISADA;;;AA008;-008-PRECOCINADOS;;;;;;;;;
02049;PATAS DE TERNERA DESHUESADAS;;;AA007;-007-DESPIECE FRESCO;;;;;;;;;
0271;PATAS SIN LIMPIAR(PIE DE CERDO);;;AA007;-007-DESPIECE FRESCO;;;;;;;;;
21;PECHUGA DE PAVO;;;AA003;-003-FIAMBRES;;;;;;;;;
10001;PECHUGA PAVO -SAL PAVOFRIO;;;AA004;-004-VARIOS;;;;;;;;;
2041;PECHUGA PAVO SANISSIMO;;;AA003;-003-FIAMBRES;;;;;;;;;
111;PECHUGA POLLO C/H;;;AAAA9;-9-AVES;;;;;;;;;
112;PECHUGA POLLO S/H;;;AAAA9;-9-AVES;;;;;;;;;
204;PECHUGAS DE  PAVO FRESCAS;;;AAAA9;-9-AVES;;;;;;;;;
213;PIES CERDO FRESCOS;;;AA007;-007-DESPIECE FRESCO;;;;;;;;;
243;PIMENTON GRANEL;;;AA004;-004-VARIOS;;;;;;;;;
1;PINCHOS MORUNOS VARIADOS;;;AA004;-004-VARIOS;;;;;;;;;
136;PLUMA IBERICA;;;AA004;-004-VARIOS;;;;;;;;;
1000000;POLLO EVISCERADO;;;AAAA9;-9-AVES;;;;;;;;;
217;POLLO TRUFADO;;;AA003;-003-FIAMBRES;;;;;;;;;
139;PRESA IBERICA;;;AA004;-004-VARIOS;;;;;;;;;
11111;QUESITOS EN PORCIONES;;;AA005;-005-QUESOS;;;;;;;;;
0343;QUESO BARRA;;;AA005;-005-QUESOS;;;;;;;;;
1110;QUESO CABRA;;;AA005;-005-QUESOS;;;;;;;;;
344;QUESO FRESCO;;;AA005;-005-QUESOS;;;;;;;;;
032;QUESO MEZCLA CURADO;;;AA005;-005-QUESOS;;;;;;;;;
031;QUESO MEZCLA SEMI;;;AA005;-005-QUESOS;;;;;;;;;
0322;QUESO MINI MEZCLA;;;AA005;-005-QUESOS;;;;;;;;;
0342;QUESO OVEJA ACEITE T.PEQUE;;;AA005;-005-QUESOS;;;;;;;;;
0323;QUESO OVEJA AÑEJO;;;AA005;-005-QUESOS;;;;;;;;;
0035;QUESO OVEJA AÑEJO BALLESTEROS;;;AA005;-005-QUESOS;;;;;;;;;
0321;QUESO OVEJA AÑEJO SANSUEÑA;;;AA005;-005-QUESOS;;;;;;;;;
034;QUESO OVEJA CURADO;;;AA005;-005-QUESOS;;;;;;;;;
033;QUESO OVEJA M/C BALLESTEROS;;;AA005;-005-QUESOS;;;;;;;;;
0331;QUESO OVEJA TIERNO;;;AA005;-005-QUESOS;;;;;;;;;
342;QUESO OVEJA VIEJO;;;AA005;-005-QUESOS;;;;;;;;;
341;QUESO OVEJA VIEJO BALLESTEROS;;;AA005;-005-QUESOS;;;;;;;;;
1111;QUESO RALLADO;;;AA005;-005-QUESOS;;;;;;;;;
110;QUESO SANDWICH;;;AA003;-003-FIAMBRES;;;;;;;;;
140;RABO DE TORO;;;AA004;-004-VARIOS;;;;;;;;;
116;RABOS COCIDOS;;;AA008;-008-PRECOCINADOS;;;;;;;;;
118;RIÑONES FRESCOS;;;AA007;-007-DESPIECE FRESCO;;;;;;;;;
251;ROLLOS PAPEL BALANZAS;;;AA004;-004-VARIOS;;;;;;;;;
147;S.C.RESERVA 2006 (6B);;;AA004;-004-VARIOS;;;;;;;;;
145;S.C.ROSADO 2011 (12B);;;AA004;-004-VARIOS;;;;;;;;;
146;S.C.TINTO SELECCION 2010 (12B);;;AA004;-004-VARIOS;;;;;;;;;
156;SAL GORDA;;;AA004;-004-VARIOS;;;;;;;;;
230;SALAMI CAMPOFRIO;;;AA003;-003-FIAMBRES;;;;;;;;;
214;SALCHICHAS R/B FRESCAS;;;AA004;-004-VARIOS;;;;;;;;;
008;SALCHICHON CULAR BELLOTA IBERICO;;;AA002;-002-EMBUTIDOS;;;;;;;;;
0083;SALCHICHON CULAR CEBO IBERICO;;;AA002;-002-EMBUTIDOS;;;;;;;;;
0202;SALCHICHON CULAR CEBO IBERICO C-V;;;AA004;-004-VARIOS;;;;;;;;;
0080;SALCHICHON CULAR SERRANO;;;AA002;-002-EMBUTIDOS;;;;;;;;;
00114;SALCHICHON LA PEPONA;;;AA002;-002-EMBUTIDOS;;;;;;;;;
0081;SALCHICHON VELA;;;AA002;-002-EMBUTIDOS;;;;;;;;;
346;SAN JACOBOS;;;AA008;-008-PRECOCINADOS;;;;;;;;;
001;SARTA IBERICA DULCE;;;AA002;-002-EMBUTIDOS;;;;;;;;;
002;SARTA IBERICA PICANTE;;;AA002;-002-EMBUTIDOS;;;;;;;;;
003;SARTA IBERICA SALCHICHON;;;AA002;-002-EMBUTIDOS;;;;;;;;;
141;SARTA IBERICA TIERNA;;;AA004;-004-VARIOS;;;;;;;;;
148;SARTA MATANZA;;;AA004;-004-VARIOS;;;;;;;;;
00111;SARTA SERRANA DULCE;;;AA002;-002-EMBUTIDOS;;;;;;;;;
00112;SARTA SERRANA PICANTE;;;AA002;-002-EMBUTIDOS;;;;;;;;;
00113;SARTA SERRANA SALCHICHON;;;AA002;-002-EMBUTIDOS;;;;;;;;;
138;SECRETO BLANCO;;;AA004;-004-VARIOS;;;;;;;;;
137;SECRETO IBERICO;;;AA004;-004-VARIOS;;;;;;;;;
1510;SOFRITO LA BERCIANA;;;AA004;-004-VARIOS;;;;;;;;;
6000005;SOLOMILLO DE CERDO;;;AA007;-007-DESPIECE FRESCO;;;;;;;;;
105;SOLOMILLO FRESCO;;;AA007;-007-DESPIECE FRESCO;;;;;;;;;
1051;SOLOMILLOS CURADOS;;;AA002;-002-EMBUTIDOS;;;;;;;;;
1006;SURTIDO MANTECADOS Y POLVORONES 300 GRS NAVIDAD;;;AA004;-004-VARIOS;;;;;;;;;
253;TAPA DE TERNERA;;;AA007;-007-DESPIECE FRESCO;;;;;;;;;
3000;TERNERA;;;AA007;-007-DESPIECE FRESCO;;;;;;;;;
122;TOCINO FRESCO;;;AA007;-007-DESPIECE FRESCO;;;;;;;;;
101;TOCINO IBERICO;;;AA002;-002-EMBUTIDOS;;;;;;;;;
1003;TORREZNOS;;;AA004;-004-VARIOS;;;;;;;;;
0192;TROZOS DE JAMON;;;AA002;-002-EMBUTIDOS;;;;;;;;;
2353;VARIOS;;;AA004;-004-VARIOS;;;;;;;;;
2354;VARIOS;;;AA005;-005-QUESOS;;;;;;;;;
235;VARIOS;;;AA004;-004-VARIOS;;;;;;;;;
143;VICTORINO 2009 (6B);;;AA004;-004-VARIOS;;;;;;;;;
2151;VINO;;;AA004;-004-VARIOS;;;;;;;;;
215;VINO TINTO IBELIER;;;AA004;-004-VARIOS;;;;;;;;;
01001;VIRUTAS CELLOPHANE PLATA;;;AA004;-004-VARIOS;;;;;;;;;
29;VIRUTAS DE JAMON;;;AA006;-006-JAMONES;;;;;;;;;
0204;YORK A LA BRASA;;;AA003;-003-FIAMBRES;;;;;;;;;
2032;YORK COCIDO EXTRA CAMPO.;;;AA003;-003-FIAMBRES;;;;;;;;;
2030;YORK EXTRA SIN SAL;;;AA003;-003-FIAMBRES;;;;;;;;;
